UName,Log Time,,,
admin,2020-10-31 01:22:16.990660admin,2022-03-26 10:51:56.614253admin,2022-03-26 10:56:56.871467admin,59:54.9
MananMadan,10:15.6,,,
MananMadan,46:21.1,,,

MananMadan,2022-03-26 16:50:11.430214
MananMadan,2022-03-27 09:35:47.268028
MananMadan,2022-03-27 09:38:27.377068
Soumyajit,2022-03-27 11:29:02.607549
Soumyajit,2022-03-27 11:30:45.006971
Soumyajit,2022-03-27 11:39:09.627796
Soumyajit,2022-03-27 11:39:53.792810
Soumyajit,2022-03-27 11:56:13.179100
Soumyajit,2022-03-31 18:36:12.835255
Soumyajit,2022-03-31 18:45:02.768029
Soumyajit,2022-03-31 18:53:28.860964
Soumyajit,2022-03-31 19:07:15.572400
Soumyajit,2022-03-31 20:21:08.464993
Soumyajit,2022-04-01 09:57:24.902323
Soumyajit,2022-04-01 09:58:52.519037
Soumyajit,2022-04-01 09:59:53.675267
Soumyajit,2022-04-04 22:39:04.200195
Soumyajit,2022-04-04 22:40:15.061551
Soumyajit,2022-04-04 22:42:48.657608
Soumyajit,2022-04-04 23:05:57.005509
Soumyajit,2022-04-04 23:08:13.588608
Soumyajit,2022-04-04 23:48:12.683014
Soumyajit,2022-04-04 23:50:40.764300
Soumyajit,2022-04-04 23:52:00.921559
Soumyajit,2022-04-04 23:53:00.458809
Soumyajit,2022-04-05 00:12:11.075117
Soumyajit,2022-04-05 00:16:11.826140